ReviewText,ReviewDate,ReviewAuthor,ReviewStarRating,Review Link
"Bought the Jeep Compass sport in august 2018. From Khatwani motors, Jabalpur. It is more of an SUV than a soft-roader. It has patchy dynamics but is a well-finished model with good off-road capabilities. The 4x2 mode has a good off road capabilities. Whereas the 4x4 has excellent off-road capabilities. The departure angle is excellent. The only issue is with the mileage. It does not give the promised average of 14km/l. It only gives around 10km/l on highway and around 6 km/ l in the city depending on the traffic. * Has a noisy engine which is the only disadvantage after mileage. The well-tied suspension, as well as cleverly distributed torque through the 4WD system, does make this is perfectly capable thing through corners, even ones with lots of crests and dips. The touch-screen is easy to navigate. The Apple CarPlay/Android Auto integration is pretty tight too. Just near the USB port is a handy mesh pocket to hold your phone. Overall I would like to give it 8 stars out of 10. It's an excellent SUV. I love to own an American üöô"," Oct 08, 2019 ",By Karan Khanna,4.0,https://www.cardekho.com/user-review/jeep-compass/good-suv-but-engine-makes-lot-of-noises-89194.htm
"It's a great car. I have a Jeep Compass 2018 is a limited manual car. It was my dream to own. Till date, I haven't faced any problem. The power, handling, luxury feel, everything you get it for 20-25 lakhs is absolutely insane. More than that it's really suited to Indian road conditions. I never felt lethargic even after driving for 600+ km per day."," Dec 02, 2019 ",By Raj,5.0,https://www.cardekho.com/user-review/jeep-compass/excellent-car-95330.htm
"Jeep Compass is the most efficient car, elegantly designed, and most powerful car in this segment, compared to Harrier, Creta this is the most efficient and it's the best value for money. Excellent driving experience with all the necessary features required in this segment of car. If any confusion with similar cars, just go and get jeep compass blindly and buy. Its limited plus version it's the best value for money."," Sep 22, 2019 ",By Sougata Sen,5.0,https://www.cardekho.com/user-review/jeep-compass/excellent-suv-86261.htm
"Value for money.
Its been nearly 2 years of my Jeep Compass limited edition and I must say, it's just a completely fantastic car. The features are very good. Loved this car and its value for money. Maintenance is a bit high but the person who buys 5 seaters in this range does not feel it so. Read More"," Dec 03, 2019 ",By Anonymous,5.0,https://www.cardekho.com/user-review/jeep-compass/value-for-money-95378.htm
"Best Car Performance
Jeep Compass is a nice car loaded with more features cost is less, the interior looks very nice. Suitable in price best off-roading car, compact SUV, the car of the year, all segments colours looking very nice, engine very nice &#x1f44d;&#x1f44d;&#x1f44d; , more powerful car, it is an also adventure car for off-roading, teren management system is v...Read More"," Oct 13, 2019 ",By Rachit Attreya,5.0,https://www.cardekho.com/user-review/jeep-compass/best-car-performance-90275.htm
"I purchased Jeep Compass Limited Plus on 1st of July 2019 and within 15 days (vehicle has not even driven 500km out of which 300km on first day) lot of annoying sounds audible from the sunroof, dashboard, doors (maybe from C-pillar) and now from suspension. "," Oct 08, 2019 ",By Dr Jaipal Singh,1.0,https://www.cardekho.com/user-review/jeep-compass/poor-build-quality-89190.htm
"Beast in hand, the word for this is a perfect car, It can ruin any car on road weather its highway or city driving, the car is unmatched, using from last one month and every day is like the first day. Now the drawback time, bad fuel efficiency 7-8 KMPL, and the major drawback is initial power lag that will always surprise you. I have to go as per car demands not as you like, but a benefit is a manual option. I am enjoying my car like anything, after initial power lag that car become beast."," Aug 25, 2019 ",By Sahil,5.0,https://www.cardekho.com/user-review/jeep-compass/super-beast-81126.htm
The car has very high service costs and also requires regular service. It costs me 2 lacs plus in last 12 months. I would not suggest buying this as this cost is not justified with the performance of the car. Complaints are not monitored by the company. They really don't care for your concern.," Nov 22, 2019 ",By Yash Ganatra,1.0,https://www.cardekho.com/user-review/jeep-compass/service-issues-94281.htm
"My Best Car.
Jeep Compass is a most likely car I drown till know. It is superb I mostly like is comfort I was driving to Kerala from my place I had not to feel tired at all."," Sep 10, 2019 ",By Ravindra,5.0,https://www.cardekho.com/user-review/jeep-compass/my-best-car-83914.htm
"I purchased the Jeep Compass limited plus model in May 2019. I drove this vehicle 7000 km only and it started creating problems like leaked diesel pump, engine problem such a 3rd class car it is."," Aug 31, 2019 ",By Lerish Virpariya,1.0,https://www.cardekho.com/user-review/jeep-compass/third-class-car-82170.htm
"Jeep Compass is an excellent SUV which scores on safety features and excellent all-round performance. Jeep Compass is an excellent highway cruiser. Jeep Compass comes with safety features such as traction control, rollover mitigation, ESP, Electronic Parking Brake, Hill Assist, Hill Descent Control as standard. Jeep compass build quality, interior design, and quality are top-notch. There are some pros and cons of Compass as follows:- PROS 1. Class-leading off-roading capabilities. 2. The diesel engine is extremely frugal and responsive. 4. Dominant seven-slat grille, the sharp proportions, and the rectangular arches have succeeded in catching the attention of many Indians. There are a lot of Compass customers in India who praise its design more than anything. 5. 6 Speed Manual Gearbox is very smooth. 6. Owing to off-road character, compass gets four driving modes in its Selec- Terrain all-wheel-drive system such as Auto, Snow, Sand, and Mud- the systems adjust the engine mapping and traction control to move easily over the selected terrain. 7. The individual Suspension set up of the jeep compass further increases its off-road capability. 8. Plastic quality and materials used on the compass are extremely superb and best in class. CONS 1. Missing some features. 2. Poor rear seat comfort feels claustrophobic and not good for three adults. 3. Too much expensive. 4. 7-speed DCT Automatic gearbox is not very smooth, quickest and lacks punch. 5. The petrol engine is noisy than other rivals such as Creta and hector. 6. The brakes are good, but while slowing down from high speeds it seems to lack the necessary bite for sharp and effective braking."," Jul 14, 2019 ",By Vineet Sharma,5.0,https://www.cardekho.com/user-review/jeep-compass/the-most-complete-suv-72243.htm
"Jeep Compass is a very good car. It is an SUV under 20lacs. It has a touch screen infotainment system, legroom is also very good. It gives a luxurious look. The AC provides cooling very fast. Connectivity is also good. 5 people can be seated easily. I have Grey colour of it. It also has led DRLs. Boot space is also very spacious. Ground Clearance is also better. It feels nice while driving."," Aug 17, 2019 ",By Mohit Gupta,5.0,https://www.cardekho.com/user-review/jeep-compass/jeep-compassthe-beast-79109.htm
"True to its tag line ""GO ANYWHERE DO ANYTHING"" Jeep Compass is the Best SUV in its segment. Super build quality and above all it provides the best driving pleasure. #jeeplife."," Aug 12, 2019 ",By Raj Verified Buyer,5.0,https://www.cardekho.com/user-review/jeep-compass/jeeplife-78094.htm
"With a striking interior and exterior design, host of feel-good features and multiple powertrain options, jeep seems to have cut no corners in equipping its first offering for India."," Jul 12, 2019 ",By Kailash Rana,4.0,https://www.cardekho.com/user-review/jeep-compass/jeep-compass-71942.htm
"Hi I purchased Jeep Compass last year in July still 1year is not completed yet, and the car is creating so many problems in engine side like fuel pump failed and no parts available at service agency in Hyderabad. I suggest everyone not to buy Jeep Compass."," Jul 12, 2019 ",By Sudarshanreddy,1.0,https://www.cardekho.com/user-review/jeep-compass/jeep-compass-71919.htm
I am not complaining for Jeep Compass but my reason for 4 stars is that of its pricing and maintenance. In the top model budget one can own a big car like Fortuner. Overall it is a good package but somewhere it has been differentiated from its own segment cars Just a status maintaining product but a good car .," Jul 19, 2019 ",By Ansh,4.0,https://www.cardekho.com/user-review/jeep-compass/very-good-and-cool-product-73065.htm
"The car has an awesome pick-up and comes with a marvelous look. It has full filled all my requirements, I love to drive this car especially off-roading and in hilly areas."," Aug 10, 2019 ",By Sanjay Rohilla Verified Buyer,5.0,https://www.cardekho.com/user-review/jeep-compass/jeep-compass-a-perfect-family-car-77571.htm
"My Bad I bought Jeep Compass
The car is under a 3 year Warranty. But not Battery Not sure what more is not under warranty Average 9 km per liter of Petrol is a disaster as against 12 told while selling While buying the Showroom insurance rep asked me. 90000 plus, when I insisted on getting from outside, they dropped to. 58000 They charged me. 30000 for Nano paint and some not ...Read More"," Jun 09, 2019 ",By Sanjay,1.0,https://www.cardekho.com/user-review/jeep-compass/my-bad-i-bought-jeep-compass-63763.htm
"Safest vehicle
 Jeep Compass SUV is awesome, the comfort, driving pleasure, off-roading capabilities are top notch, no comparison of this SUV in this segment."," Jun 15, 2019 ",By Shashank Chikodi,5.0,https://www.cardekho.com/user-review/jeep-compass/safest-vehicle-65138.htm
"Initially, I was a bit hesitant about Jeep Compass, but after months of usage, it feels great to own such a machine. High in power and styling, pure driving pleasure. Bit expensive but justified after checking competitors in the market."," Jun 28, 2019 ",By User,5.0,https://www.cardekho.com/user-review/jeep-compass/great-machine-68847.htm
"BUYING OF JEEP COMPASS IS A GOOD DECISION. JEEP IS POWERFUL, NICE ON HIGHWAYS BUT BRAKING IS SUDDEN AND DRIVING IN CITY TRAFFIC IS NOT EASY. MY PETROL JEEP IS GIVING MILEAGE OF 10 KM/LTR INSTEAD OF 16 KM/LTR WHICH NEEDS TO BE CHECKED AND I MADE COMPLAINT AT SERVICE CENTER BUT NO SATISFACTORY REPLY / ACTION. AFTER SALES SERVICE IS GOOD EXCEPT MILEAGE PROBLEM."," Jun 24, 2019 ",By Ajay Shrivas Verified Buyer,4.0,https://www.cardekho.com/user-review/jeep-compass/excellent-performance-of-jeep-except-low-mileage-67950.htm
"An excellent Car
Jeep Compass is an ultimate SUV. Totally satisfied with my licence to off-road. The only drawback is less backspace. Unmatched power."," Jun 18, 2019 ",By Sandeep Lamba Verified Buyer,5.0,https://www.cardekho.com/user-review/jeep-compass/an-excellent-car-66341.htm
"Jeep Compass - An absolute gem
An absolute beast. Love the car in every aspect. Has a powerful engine and great drivability. The material used in the interiors is of absolutely premium quality. If you're looking for a great quality car and are really passionate about what you drive, go for Jeep Compass without any second thought. Read More"," Jun 06, 2019 ",By Aditya Sobti,5.0,https://www.cardekho.com/user-review/jeep-compass/jeep-compass-an-absolute-gem-63004.htm
"Most Awaited Car.
My dream car The best of look and ahead of all cars Its stunning look is attractive and a lot..."," Jun 15, 2019 ",By Aman Jurel,5.0,https://www.cardekho.com/user-review/jeep-compass/most-awaited-car-65185.htm
"Jeep Compass is a nice car loaded with more features cost is less, the interior looks very nice. Suitable in price best off-roading car, compact SUV, the car of the year, all segments colours looking very nice, engine very nice üëçüëçüëç , more powerful car, it is an also adventure car for off-roading, teren management system is very good."," Oct 13, 2019 ",By Rachit Attreya,5.0,https://www.cardekho.com/user-review/jeep-compass/best-car-performance-90275.htm
The car has very high service costs and also requires regular service. It costs me 2 lacs plus in last 12 months. I would not suggest buying this as this cost is not justified with the performance of the car. Complaints are not monitored by the company. They really don't care for your concern.," Nov 22, 2019 ",By Yash Ganatra,1.0,https://www.cardekho.com/user-review/jeep-compass/service-issues-94281.htm
"Third Class Car;
I purchased the Jeep Compass limited plus model in May 2019. I drove this vehicle 7000 km only and it started creating problems like leaked diesel pump, engine problem such a 3rd class car it is. Read More"," Aug 31, 2019 ",By Lerish Virpariya,1.0,https://www.cardekho.com/user-review/jeep-compass/third-class-car-82170.htm
"Hi I purchased Jeep Compass last year in July still 1year is not completed yet, and the car is creating so many problems in engine side like fuel pump failed and no parts available at service agency in Hyderabad. I suggest everyone not to buy Jeep Compass."," Jul 12, 2019 ",By Sudarshanreddy,1.0,https://www.cardekho.com/user-review/jeep-compass/jeep-compass-71919.htm
"Very good and cool product
I am not complaining for Jeep Compass but my reason for 4 stars is that of its pricing and maintenance. In the top model budget one can own a big car like Fortuner. Overall it is a good package but somewhere it has been differentiated from its own segment cars Just a status maintaining product but a good car . Read More"," Jul 19, 2019 ",By Ansh,4.0,https://www.cardekho.com/user-review/jeep-compass/very-good-and-cool-product-73065.htm
"The car is under a 3 year Warranty. But not Battery Not sure what more is not under warranty Average 9 km per liter of Petrol is a disaster as against 12 told while selling While buying the Showroom insurance rep asked me. 90000 plus, when I insisted on getting from outside, they dropped to. 58000 They charged me. 30000 for Nano paint and some not so useful or rather useless stuff as a package I'm not sure this vehicle will last for 5 years as against my Toyota Corolla which ran for 12 Year with not this kind of Drama and wrong commits Careful before you decide."," Jun 09, 2019 ",By Sanjay,1.0,https://www.cardekho.com/user-review/jeep-compass/my-bad-i-bought-jeep-compass-63763.htm
"JEEP COMPASS IS FAB AND OUTSTANDING SUV.
I am a pride owner of Jeep Compass limited plus 4x2. Buying this car is a good decision. I am glad about the performance of this car. I would surely recommend it. And if anyone is thinking to buy it go for it. Don't think of any harrier or hector. Compass is famous for its premium quality. Read More"," Jul 01, 2019 ",By Vipranshu Gupta,5.0,https://www.cardekho.com/user-review/jeep-compass/jeep-compass-is-fab-and-outstanding-suv-69502.htm
"Initially, I was a bit hesitant about Jeep Compass, but after months of usage, it feels great to own such a machine. High in power and styling, pure driving pleasure. Bit expensive but justified after checking competitors in the market."," Jun 28, 2019 ",By User,5.0,https://www.cardekho.com/user-review/jeep-compass/great-machine-68847.htm
"BUYING OF JEEP COMPASS IS A GOOD DECISION. JEEP IS POWERFUL, NICE ON HIGHWAYS BUT BRAKING IS SUDDEN AND DRIVING IN CITY TRAFFIC IS NOT EASY. MY PETROL JEEP IS GIVING MILEAGE OF 10 KM/LTR INSTEAD OF 16 KM/LTR WHICH NEEDS TO BE CHECKED AND I MADE COMPLAINT AT SERVICE CENTER BUT NO SATISFACTORY REPLY / ACTION. AFTER SALES SERVICE IS GOOD EXCEPT MILEAGE PROBLEM."," Jun 24, 2019 ",By Ajay Shrivas Verified Buyer,4.0,https://www.cardekho.com/user-review/jeep-compass/excellent-performance-of-jeep-except-low-mileage-67950.htm
"An absolute beast. Love the car in every aspect. Has a powerful engine and great drivability. The material used in the interiors is of absolutely premium quality. If you're looking for a great quality car and are really passionate about what you drive, go for Jeep Compass without any second thought."," Jun 06, 2019 ",By Aditya Sobti,5.0,https://www.cardekho.com/user-review/jeep-compass/jeep-compass-an-absolute-gem-63004.htm
"Jeep Compass is a nice car loaded with more features cost is less, the interior looks very nice. Suitable in price best off-roading car, compact SUV, the car of the year, all segments colours looking very nice, engine very nice üëçüëçüëç , more powerful car, it is an also adventure car for off-roading, teren management system is very good."," Oct 13, 2019 ",By Rachit Attreya,5.0,https://www.cardekho.com/user-review/jeep-compass/best-car-performance-90275.htm
"Service issues
The car has very high service costs and also requires regular service. It costs me 2 lacs plus in last 12 months. I would not suggest buying this as this cost is not justified with the performance of the car. Complaints are not monitored by the company. They really don't care for your concern. Read More"," Nov 22, 2019 ",By Yash Ganatra,1.0,https://www.cardekho.com/user-review/jeep-compass/service-issues-94281.htm
"I purchased the Jeep Compass limited plus model in May 2019. I drove this vehicle 7000 km only and it started creating problems like leaked diesel pump, engine problem such a 3rd class car it is."," Aug 31, 2019 ",By Lerish Virpariya,1.0,https://www.cardekho.com/user-review/jeep-compass/third-class-car-82170.htm
"Hi I purchased Jeep Compass last year in July still 1year is not completed yet, and the car is creating so many problems in engine side like fuel pump failed and no parts available at service agency in Hyderabad. I suggest everyone not to buy Jeep Compass."," Jul 12, 2019 ",By Sudarshanreddy,1.0,https://www.cardekho.com/user-review/jeep-compass/jeep-compass-71919.htm
I am not complaining for Jeep Compass but my reason for 4 stars is that of its pricing and maintenance. In the top model budget one can own a big car like Fortuner. Overall it is a good package but somewhere it has been differentiated from its own segment cars Just a status maintaining product but a good car .," Jul 19, 2019 ",By Ansh,4.0,https://www.cardekho.com/user-review/jeep-compass/very-good-and-cool-product-73065.htm
"My Bad I bought Jeep Compass
The car is under a 3 year Warranty. But not Battery Not sure what more is not under warranty Average 9 km per liter of Petrol is a disaster as against 12 told while selling While buying the Showroom insurance rep asked me. 90000 plus, when I insisted on getting from outside, they dropped to. 58000 They charged me. 30000 for Nano paint and some not ...Read More"," Jun 09, 2019 ",By Sanjay,1.0,https://www.cardekho.com/user-review/jeep-compass/my-bad-i-bought-jeep-compass-63763.htm
"Initially, I was a bit hesitant about Jeep Compass, but after months of usage, it feels great to own such a machine. High in power and styling, pure driving pleasure. Bit expensive but justified after checking competitors in the market."," Jun 28, 2019 ",By User,5.0,https://www.cardekho.com/user-review/jeep-compass/great-machine-68847.htm
"EXCELLENT PERFORMANCE OF JEEP EXCEPT LOW MILEAGE.
BUYING OF JEEP COMPASS IS A GOOD DECISION. JEEP IS POWERFUL, NICE ON HIGHWAYS BUT BRAKING IS SUDDEN AND DRIVING IN CITY TRAFFIC IS NOT EASY. MY PETROL JEEP IS GIVING MILEAGE OF 10 KM/LTR INSTEAD OF 16 KM/LTR WHICH NEEDS TO BE CHECKED AND I MADE COMPLAINT AT SERVICE CENTER BUT NO SATISFACTORY REPLY / ACTION. AFTER SALES SERVICE IS GOOD EXCEPT MILEAG...Read More"," Jun 24, 2019 ",By Ajay Shrivas Verified Buyer,4.0,https://www.cardekho.com/user-review/jeep-compass/excellent-performance-of-jeep-except-low-mileage-67950.htm
"Jeep Compass - An absolute gem
An absolute beast. Love the car in every aspect. Has a powerful engine and great drivability. The material used in the interiors is of absolutely premium quality. If you're looking for a great quality car and are really passionate about what you drive, go for Jeep Compass without any second thought. Read More"," Jun 06, 2019 ",By Aditya Sobti,5.0,https://www.cardekho.com/user-review/jeep-compass/jeep-compass-an-absolute-gem-63004.htm
I suggest Jeep Compass 1.4 Longitude option for a man looking for a perfect value for money. It has all features comparing to the top end model with 7-speed automatic transmission.," May 20, 2019 ",By Ak Ash,5.0,https://www.cardekho.com/user-review/jeep-compass/value-for-money-car-59867.htm
"CAR... OMG ITS A BEAST...It's NOT JUST A CAR IT IS AN ULTIMATE ROARER......THE POWER, THE HANDLING, THE SUSPENSIONS, THE LOOKS, THE BODY....IT'S TOTALLY AN AMAZING BEAUTY AND A BEAST.....IT IS MORE THAN THE BEST...LOVE THIS CAR.....ITS INTERIORS ARE AMAZING...IT GIVES A FEEL OF THE MOST EXPENSIVE CARS, LUXURIOUS AND COMFORTABLE. ALSO, IT HAS AN OUTSTANDING PERFORMANCE WHEN IT COMES TO OFF-ROADING"," May 10, 2019 ",By Shivansh Arora,5.0,https://www.cardekho.com/user-review/jeep-compass/the-beast-jeep-compass-57980.htm
"Jeep Compass
Pure driving pleasure. The vehicle is incomparable to any of it?s class. 173ps of horse power kills it all. Top speed at 205kmph, the torque and speed are enormous after second gear. A very stable vehicle at high speeds and McPherson strut shock absorbers just smoothens the ride at all terrain. If you looking up for a long drive this vehicle is jus...Read More"," May 12, 2019 ",By Vikas Giri,5.0,https://www.cardekho.com/user-review/jeep-compass/jeep-compass-58320.htm
I have purchased Jeep Compass automatic last August and it has been wonderful experience till now be it its performance features drivability and comfort level everything is top notch and I would say pricing is quite impressive too. I am very much satisfied with the SUV overall and recommend it for purchase.," Jun 02, 2019 ",By Vivek,5.0,https://www.cardekho.com/user-review/jeep-compass/jeep-compass-62217.htm
"Jeep Compass
It's is the best SUV car the best in segment and powerful I had a great experience and it's not a car it's a human thing."," May 25, 2019 ",By Vishw Parekh,5.0,https://www.cardekho.com/user-review/jeep-compass/jeep-compass-60771.htm
"am regretfully informing you that the jeep compass longitude petrol, I purchased on 26 February 2019 from your agency is showing electrical fault ''BREK LIGHT OUT '' FROM THE DAY IT DELIVERED I manage d to send the vehicle twice pathway from Bhopal to your workshop but unfortunately they failed to rectify the problem as the backlights are still not working. It causes me financial loss as well as my wasted my precious time. Now I am going back without rectification. please look into it otherwise I left with no option except a legal remedy. an early reply will be solicited."," May 17, 2019 ",By Sanjaytiwari,2.0,https://www.cardekho.com/user-review/jeep-compass/service-is-poor-59352.htm
"We bought a Jeep Compass in Jan 2018. Its May 2019 and the battery died. There is no warranty! I'm shocked! Does battery die in a 1.5 yrs? We have had a Honda city for 12 yrs now and never had issues. Don't buy the Jeep unless you are willing to sign up for battery failure in a yr!!! Apparently, it's a common problem!!!! Also, any part issues ‚Äî be willing to wait for 2-3 weeks!!! Disappointed!"," May 13, 2019 ",By Sarita,1.0,https://www.cardekho.com/user-review/jeep-compass/battery-issue-in-1-yr-58566.htm
"In Love with confidence Jeep Compass gives when driving at high-speed due to its exceptional Control & its safety technologies which help in controlling the vehicle at all possible conditions. Now, as it is a Jeep, so I do take it for weekend trails, where its off road capability is really amazing. I Own the limited Plus 4√ó4 variant which has everything what i would expect when even I am Considering X1 X line/Xc40/Q3 with quarto technology. I have started taking time for myself for adventure trip. It's not just a Product, it carries Jeep legacy. Please don't Compare Jeep with Tata/Hyundai/MG. MG is coming up with lots of features as showing in internet...but certainly MG as a brand has no history of off road Capability, also when it Comes to tough terrains Cosmetics Doesn't take out further. Believe in Legends & drive one. Jeep stands above all."," May 10, 2019 ",By Harshit,5.0,https://www.cardekho.com/user-review/jeep-compass/amazing-car-58033.htm
"Jeep a brand
Jeep Compass is a good car I am using this car Car very smooth I am very happy to brand sound too good and seat memories are awesome Jeep compass sunroof very large panoramic sunroof is too good. Read More"," May 09, 2019 ",By Gaurav Sharma,5.0,https://www.cardekho.com/user-review/jeep-compass/jeep-a-brand-57857.htm
"Great specifications of car for all middle class families
One of the wonderful car for a family. it is suitable for all kind of roads.milage is perfect for highways.simble of jeep very luxurious in the world. This car is a budget car for all middle-class people. In the car sound system is very perfect. The luxurious look is the greatest things in the car. Seats in the car is very suitable for my family Read More"," May 05, 2019 ",By Vijay,5.0,https://www.cardekho.com/user-review/jeep-compass/great-specifications-of-car-for-all-middle-class-families-57004.htm
"It is an amazing car, perfect for Indian roads. Features of the car are amazing. Design, premium luxury, good making, safety, good mileage, 4√ó4 power, good feel of an off-road drive, very strong body. This car is suitable for all age person, good handling for girls, good seats, amazing leg space, amazing light design, good small works. "," Apr 12, 2019 ",By Jin Media,5.0,https://www.cardekho.com/user-review/jeep-compass/amazing-car-52124.htm
"The buying experience wasn't as expected. The car, however, was a different story. It has the looks which draw passerby's attention, very fun to drive due to the amount of power and torque available on hand. The build quality is commendable (both exterior and interior), far better than cars in the same segment. The numerous small features give a good feel. It gives around 12kmpl for daily city driving which is acceptable. The after sales service is a bit on the higher side and they don't provide free pick up and drop for the same, which all manufacturers do. Also, it hurts more as there are only two service outlets in Delhi and that too at different corners. Best car in its segment though."," Apr 19, 2019 ",By Nipun,4.0,https://www.cardekho.com/user-review/jeep-compass/true-to-its-jeep-heritage-53813.htm
"Awesome Car
Awesome car. Best SUV to drive in the price range. Built quality is very solid and a quick peppy engine."," Apr 17, 2019 ",By Kanishk Kandoi,4.0,https://www.cardekho.com/user-review/jeep-compass/awesome-car-53186.htm
"Lead the way
A beautiful machine to drive in. With power and smooth engine, you don't feel like getting out of the car."," Apr 16, 2019 ",By Shivam,5.0,https://www.cardekho.com/user-review/jeep-compass/lead-the-way-53003.htm
"Can't wait for you
I was impressed with the design. Still have a dream, that one day I will be the owner of this muscle."," Apr 16, 2019 ",By Edws,5.0,https://www.cardekho.com/user-review/jeep-compass/cant-wait-for-you-52917.htm
"Jeep compass limited plus is a very nice SUV. It looks like a muscular and top class car. The car's make and build quality is fantastic, you feel better during offroad. There are 50+ safety features in this car. There is a new feature of a panoramic sunroof, looks amazing. Car parking button is good."," Apr 10, 2019 ",By Anand Kumar,5.0,https://www.cardekho.com/user-review/jeep-compass/best-premium-suv-in-india-51595.htm
"Best car
Best car for Indian roads solid build and strong looks comprehends together to make the machine irresistible to watch, drive quality above any other in this price range. Happy to be an owner of the Jeep Compass. feeling proud of my choice.  Read More"," Apr 09, 2019 ",By Mayank,5.0,https://www.cardekho.com/user-review/jeep-compass/best-car-51314.htm
"I am using sport Bedrock petrol and it is felt that there is a serious lack of power thrust especially when you get a little rise on the road (going up from downside of the road). Also, Mileage I am getting in the city is around 8 KM/ L which is very poor compared to any other vehicle in this segment."," Apr 05, 2019 ",By Saroj Kumar,3.0,https://www.cardekho.com/user-review/jeep-compass/review-of-jeep-sport-bedrock-petrol-average-performance-50177.htm
Superb SUV. Its top 4√ó4 model is very cool. Its features are the best features among all the SUV's which I have reviewed. And its look is very perfect. Its colour combination is very good.," Apr 04, 2019 ",By User,3.0,https://www.cardekho.com/user-review/jeep-compass/best-features-49952.htm
"Superior car
Ultimate design , ultimate feature, comfortable seats and price"," Apr 26, 2019 ",By Ranjeet,5.0,https://www.cardekho.com/user-review/jeep-compass/superior-car-55279.htm
"I love this car
Awesome car. When we talk about the features so it has awesome features."," Apr 04, 2019 ",By Nilay Tandel,5.0,https://www.cardekho.com/user-review/jeep-compass/i-love-this-car-49717.htm
"Best and Favourite Car
Best for off-road and adventure and exploring new destinations."," Apr 01, 2019 ",By Nivedit Solanki,5.0,https://www.cardekho.com/user-review/jeep-compass/best-and-favourite-car-48967.htm
"Great Car Performance
It comes with great driving experience and with power, build quality of this car is best in its segment."," Mar 31, 2019 ",By Anonymous,5.0,https://www.cardekho.com/user-review/jeep-compass/great-car-performance-48771.htm
The car is feature loaded and comes with 2.0 litres turbocharged engine which gives you the power to ride. The suspension is best in class. Interior is awesome and the comfort level is up high. A real value for money car. The best thing is jeep has designed the car for India terrains. A very powerful and luxurious machine built to please the rider. I m a happy owner of the Jeep.," Mar 30, 2019 ",By Rishabh Rana,5.0,https://www.cardekho.com/user-review/jeep-compass/the-perfect-combination-of-power-with-luxury-48417.htm
"One of the finest SUVs that came across as searching for the right one. This one is a head turner and the performance is just amazing. Once u drive it, it's just you and the machine, just wonderful, loved the beast."," Mar 29, 2019 ",By Ahmed S,5.0,https://www.cardekho.com/user-review/jeep-compass/fine-suv-48213.htm
The ride quality and driving dynamics of the car makes this SUV feel like a sports hatch. Haven't had so much fun driving an SUV. The last time I had so much fun was in a first generation swift. The vehicle feels really planted and stable at triple-digit speeds on the highway. The fit and finish quality are excellent. The leather seats are one of t...Read More," Mar 28, 2019 ",By Aditya Balachandar,4.0,NA
"Great SUV. Top Of The Line
Best SUV in the segment! I'm in love with Jeep. It's really a head turner vehicle! Great Road appearance."," Mar 27, 2019 ",By Anonymous,4.0,https://www.cardekho.com/user-review/jeep-compass/great-suv-top-of-the-line-47751.htm
I will only say some words because there is nothing to say about the car. It's awesome we brought the car at 2018 July. It has six gear also 17tn 17+ average there service is also good the people are awesome. I will tell you that we were going to buy the Baleno.," Mar 26, 2019 ",By Kunal Pawale,5.0,https://www.cardekho.com/user-review/jeep-compass/good-car-47578.htm
"Compass - A Good Car
A good car with awesome pickup and performance, no need of speaking about comfort its awesome, all the time lovely to drive on highways and able to drive miles together without stress. I prefer automatic transmission in this vehicle because the manual clutch has some flaws and does not suit Indian road conditions apart of clutch every aspect is goo...Read More"," Mar 25, 2019 ",By User,4.0,https://www.cardekho.com/user-review/jeep-compass/compass-a-good-car-47018.htm
"Compass the Complete Compact SUV Car
Satisfied with all the variants. Driving comfort, Fuel economy, so much compact. Great Car."," Mar 24, 2019 ",By Bhadresh,5.0,https://www.cardekho.com/user-review/jeep-compass/compass-the-complete-compact-suv-car-46903.htm
"Roar Of The Lion
Amazing car with cool features and excellent look. The hydro blue color is a mind-blowing car."," Mar 24, 2019 ",By Sunita Kanwar,5.0,https://www.cardekho.com/user-review/jeep-compass/roar-of-the-lion-46825.htm
"Jeep is My Next Kid.
Value for money, looks awesome. Everything is designed keeping in mind all the aspects of the car. A must-have vehicle. Planning to buy soon."," Mar 24, 2019 ",By Dheeraj Kumar,5.0,https://www.cardekho.com/user-review/jeep-compass/jeep-is-my-next-kid-46702.htm
"Compass Feel It.
Best in class horsepower with great mileage. Head-turning exteriors with eye-catching iron man inspired headlamps."," Mar 21, 2019 ",By Shantanu Singh,5.0,https://www.cardekho.com/user-review/jeep-compass/compass-feel-it-45991.htm
"Best Car Ever.
This is the most excellent car ever in which I have traveled. The pickup is amazing. We drive our car on 180 which was really fast speed."," Mar 20, 2019 ",By Rishabh Jain,5.0,https://www.cardekho.com/user-review/jeep-compass/best-car-ever-45499.htm
"Jeep Compass is The Best SUV.
Jeep compass has superb comfort with high stability and fine control even at higher speed."," Mar 18, 2019 ",By Sam Mishra,5.0,https://www.cardekho.com/user-review/jeep-compass/jeep-compass-is-the-best-suv-44820.htm
"King of the road
Fantastic design, drives smoothly, amazing features, and also getting best engine sound."," Mar 15, 2019 ",By Anonymous,5.0,https://www.cardekho.com/user-review/jeep-compass/king-of-the-road-43622.htm
"The Ultimate Off-Roading Machine
Jeep Compass is undoubtedly the synonym of off-roading. Its strong built has no match. Indeed an ultimate machine."," Mar 12, 2019 ",By Vikram,5.0,https://www.cardekho.com/user-review/jeep-compass/the-ultimate-offroading-machine-42414.htm
"Go for Jeep Compass
Jeep Compass has superb comfort with high stability and fine control even at top speed. "," Mar 11, 2019 ",By Tanuj Vohra,5.0,https://www.cardekho.com/user-review/jeep-compass/go-for-jeep-compass-42055.htm
Such a brilliant diesel engine with adequate bhp takes you to the maximum speed experience with good road grip and great ambiance. Lovely machine. Thoroughly enjoyed driving the motor.," Mar 10, 2019 ",By Sivakumar Natesan,5.0,https://www.cardekho.com/user-review/jeep-compass/if-you-never-drive-you-never-know-the-beauty-41843.htm
"Ultimate driving experience, a lot of power yet smooth handling, so much control and confidence anyone can feel while driving in all driving conditions, whether it is bumper to bumper traffic at low speeds, or highway drive even on 150+ speed or off roads or bad roads. In each condition, the driving experience is full of fun."," Mar 08, 2019 ",By Dr Lalit Goyal,5.0,https://www.cardekho.com/user-review/jeep-compass/superb-car-41160.htm
"Awesome Jeep Compass
I have purchased my Jeep Compass in May 2018 and since then there is no turning back. The ride experience has been awesome."," Mar 07, 2019 ",By K Abhishek,5.0,https://www.cardekho.com/user-review/jeep-compass/awesome-jeep-compass-40633.htm
"Jeep Compass Limited plus
Bought this beast 3 months back. Performance in highways as well as off road is great. So much of power with great mileage and awesome built quality is amazing. You need to drive the compass to know it. Very much satisfied after getting my hands on it. Read More"," Mar 06, 2019 ",By Arshad Ahmed,5.0,https://www.cardekho.com/user-review/jeep-compass/jeep-compass-limited-plus-40505.htm
Jeep Compass is a brilliant car as it worth its price. It has such a solid body accompanied with elegant looks. It is a gem for an off-roader but as a coin has two faces the other face is that the Jeep brand lacks in service. ," Mar 06, 2019 ",By Jaskirat Singh,4.0,https://www.cardekho.com/user-review/jeep-compass/brilliant-and-worthy-car-40457.htm
"Jeep Compass is an amazing SUV, the experience in hilly terrain area was great. I'm satisfied with the budget and I'm waiting for new trail hawk to purchase. This is an amazing off-roader also."," Mar 05, 2019 ",By Rs Kashwal,5.0,https://www.cardekho.com/user-review/jeep-compass/jeep-feels-wow-40081.htm
"Unbelievable Jeep
The all-new Jeep Compass is hope for the SUV lovers. The engine of the car is very superb and the petroleum tank is also very big, it is the best car."," Mar 04, 2019 ",By Divyanshu,5.0,https://www.cardekho.com/user-review/jeep-compass/unbelievable-jeep-39557.htm
"Jeep Compass
Jeep Compass is the best car I have driven so far, excellent performance is also a great point."," Mar 03, 2019 ",By Mohamed Asif,5.0,https://www.cardekho.com/user-review/jeep-compass/jeep-compass-39274.htm
Pros -Build Quality like a military tank -Driving Experience -Interior Ambience -Road Presence -Jeep Branding Coming to neutral -touch screen response -Design of alloy wheels. Cons -Front flop below the bumper tends to touch as it very low to the ground you can remove it - The absence of automatic transmission in diesel," Mar 02, 2019 ",By S.jagadish Varma,5.0,https://www.cardekho.com/user-review/jeep-compass/jeep-compass-38841.htm
"JEEP COMPASS
Jeep Compass is a whole new concept...a beauty and also a beast with best in class speed, comfort, and engine. The best thing in the car is the noise cancellation inside the car and it's very smooth and also the best for off-roading. If you are looking for a car in a budget with best features, then you may buy this beast. Read More"," Mar 01, 2019 ",By Shivansh Arora,5.0,https://www.cardekho.com/user-review/jeep-compass/jeep-compass-38333.htm
"Jeep Compass
Jeep Compass is a great car and great looking. Everything is good in the Jeep Compass."," Feb 26, 2019 ",By Sagar Shinde,5.0,https://www.cardekho.com/user-review/jeep-compass/jeep-compass-37499.htm
"Jeep Compass
Jeep Compass is a very nice car, it is very smooth to drive. "," Feb 24, 2019 ",By Akshay Chauhan,5.0,https://www.cardekho.com/user-review/jeep-compass/jeep-compass-36964.htm
"Jeep Compass
Jeep Compass is the best features in 5 seater car in this segment. Nice and sporty look. It feels luxurious. The car is very comfortable and powerful."," Feb 24, 2019 ",By Aadil Khan,5.0,https://www.cardekho.com/user-review/jeep-compass/jeep-compass-36907.htm
"About Jeep Compass
I have just taken this car on January 20, 2019, .and it is working very well. I have given 4stars because very less feature compares to Toyota Fortuner."," Feb 24, 2019 ",By Satvinder Singh,4.0,https://www.cardekho.com/user-review/jeep-compass/about-jeep-compass-36810.htm
"Jeep Compass
Jeep Compass is smooth in running. It has a refined engine and its a perfect highway car."," Feb 23, 2019 ",By Yogesh Vyas,5.0,https://www.cardekho.com/user-review/jeep-compass/jeep-compass-36630.htm
"Jeep Compass
Jeep Compass is a superb car with extreme performance. 4x4 is perfect for this car, it is the best car in the medium range."," Feb 23, 2019 ",By Jitesh,5.0,https://www.cardekho.com/user-review/jeep-compass/jeep-compass-36477.htm
"Jeep Compass
Jeep Compass is a superb car, I'm using it for the last 8 months. It has massive power with all-wheel drive."," Feb 22, 2019 ",By Anubhav Mishra,5.0,https://www.cardekho.com/user-review/jeep-compass/jeep-compass-36434.htm
"What a engine?
This car has offered mind-boggling features. The interiors are premium. The offers have great competition for Creta and Harrier. After 2000 rpm this runs like a bullet."," Feb 21, 2019 ",By Aditya Bansal,5.0,https://www.cardekho.com/user-review/jeep-compass/what-a-engine-35950.htm
"The main highlight of Jeep Compass is its 170 BHP engine, which gives a decent mileage of not less than 14kmpl in urban conditions. DThe driving position is good and the seats are very good but the drawback is that the company should offer at least rear sensors for the above 20 lakhs vehicle moreover they are not offering floor mats. First service cost was around Rs 11,000 at 15000km. Tires are from Firestone and it is only rated average. Got 2 punctures within 10000km. Its good for driving passionate peoples. Its engine has a superpower and good pickup."," Feb 20, 2019 ",By Rameese Muhammed,4.0,https://www.cardekho.com/user-review/jeep-compass/jeep-compass-35693.htm
"Jeep Compass
Jeep Compass is a nice car. It has a great model and good performance."," Feb 20, 2019 ",By Mahfooj Ali,5.0,https://www.cardekho.com/user-review/jeep-compass/jeep-compass-35636.htm
"Jeep Compass
Jeep Compass is a very nice car. A car with good mileage and having that much of power of 173 bhp and even less noise inside the car."," Feb 23, 2019 ",By Chaitanya Vr,5.0,https://www.cardekho.com/user-review/jeep-compass/jeep-compass-36493.htm
"It's a good car, I would not say its perfect but ya good, not a value for money product. Its limited plus variant is too costly, but the power of the engine is superb, The interior is luxurious and it does have some road presence."," Feb 22, 2019 ",By Shreyansh,4.0,https://www.cardekho.com/user-review/jeep-compass/jeep-compass-36152.htm
"Driving a Jeep Compass is an addiction, such power and flawless drive makes it an absolute delight. Additionally, its tank-like build quality and safety makes it live up to the Jeep brand."," Feb 20, 2019 ",By Raghav Mundra,5.0,https://www.cardekho.com/user-review/jeep-compass/jeep-compass-35552.htm
"Jeep Compass
Jeep Compass is real love. It has the thrill to drive with comfort, smooth gear shift and best pickup. "," Feb 20, 2019 ",By Ravi Chaudhari,5.0,https://www.cardekho.com/user-review/jeep-compass/jeep-compass-35548.htm
"I bought a Jeep Compass Limited Plus last week. Oh God, what an SUV it is. A perfect blend of killing looks and beasty power. It is so comfortable to drive and made for enthusiast drivers. I'm loving it."," Feb 19, 2019 ",By Vivek,5.0,https://www.cardekho.com/user-review/jeep-compass/jeep-compass-35182.htm
"Jeep Compass
Jeep Compass has a nice exterior design, this compact SUV is an attractive one in its segment. "," Feb 17, 2019 ",By Saleek Salee,5.0,https://www.cardekho.com/user-review/jeep-compass/jeep-compass-34806.htm
"Fantastic car
Fantastic SUV to drive long and rough surfaces. Loved the design and performance."," Feb 17, 2019 ",By Nisham,4.0,https://www.cardekho.com/user-review/jeep-compass/fantastic-car-34768.htm
"JEEP COMPASS
Jeep Compass is a very good SUV but the problem is that the rear seats are uncomfortable."," Feb 15, 2019 ",By Ram Sharma,4.0,https://www.cardekho.com/user-review/jeep-compass/jeep-compass-34352.htm
"Jeep compass has excellent mileage
 I got Jeep Compass, it is really outstanding the mileage is just 20.5 km/l only at 90km. It has super control at 140, overall I love Jeep till now I had the best experience but the service centres are not up to the mark. Jeep have to work more on this but no complaint on Jeep Compass SUV Read More"," Feb 14, 2019 ",By Manpreet Singh,5.0,https://www.cardekho.com/user-review/jeep-compass/jeep-compass-has-excellent-mileage-34036.htm
"Jeep Compass is the best SUV
Jeep Compass has a stylish body and upscale SUV with real long lasting rough and tough quality. It comes with high safety standards and true SUV for off-road."," Feb 14, 2019 ",By Priyam,5.0,https://www.cardekho.com/user-review/jeep-compass/jeep-compass-is-the-best-suv-34021.htm
"Jeep Compass
Jeep Compass is a bad car, it is not perfect for Indian road and the maintenance cost is very high."," Feb 13, 2019 ",By Kamaljeet,1.0,https://www.cardekho.com/user-review/jeep-compass/jeep-compass-34007.htm
"Jeep Compass
Jeep Compass is a bad car, it is not perfect for Indian road and the maintenance cost is very high."," Feb 13, 2019 ",By Kamaljeet,1.0,https://www.cardekho.com/user-review/jeep-compass/jeep-compass-34006.htm
"In a country obsessed with features, we often forget how a car isn't just a tool to get you from one point to another. It's how you get there. This car does everything and once you find a good stretch of road, you'll know why."," Feb 02, 2019 ",By Chris,5.0,https://www.cardekho.com/user-review/jeep-compass/best-drivers-suv-in-the-bracket-30737.htm
"The stylish jeep compass royal compass
This car is so beautiful and wonderful the interior is amazing and the exterior is also nice and this is the best SUV forever and good looking car and it is important car and royal car it is my dream car The Jeep Compass very nice car and stylish also and the front design also very good and the sunroof is amazing really I appreciate this car from b...Read More"," Jan 29, 2019 ",By Rizwan Baligar,5.0,https://www.cardekho.com/user-review/jeep-compass/the-stylish-jeep-compass-royal-compass-29763.htm
"The best in its segment!
This is easily the best car in its segment with that 170 horsepower, 2.0L diesel engine producing 350Nm of peak torque. This is one of the best driver's car."," Feb 12, 2019 ",By Parikshith D,5.0,https://www.cardekho.com/user-review/jeep-compass/the-best-in-its-segment-33515.htm
"Jeep Compass is the best
Jeep Compass is the best SUV in Segment it's just phenomenal in price."," Feb 11, 2019 ",By Achieve Raghuwanshi,5.0,https://www.cardekho.com/user-review/jeep-compass/jeep-compass-is-the-best-33062.htm
"Jeep Compass really a nice car and its interior are awesome. It's leather seats are really good, it's designed airbags all are very amazing. I wish Jeep keeps on making such awesome cars."," Feb 10, 2019 ",By Nishant,5.0,https://www.cardekho.com/user-review/jeep-compass/jeep-compass-32979.htm
"Love Jeep Compass
Jeep Compass is just amazing where all the features are good enough for the common man."," Feb 08, 2019 ",By Vikas Singla,5.0,https://www.cardekho.com/user-review/jeep-compass/love-jeep-compass-32348.htm
"It is a beast
I have Jeep compass 2017 which can drive perfectly on any type of road, such as plane road, sand road, mountain and also in a desert. I just love it."," Feb 07, 2019 ",By Sarthak Bansal,5.0,https://www.cardekho.com/user-review/jeep-compass/it-is-a-beast-32176.htm
"I purchased the Jeep Compass Diesel Limited Option model in 2017, I choose to purchase the Jeep for its Safety Features and so I bought the Top-End model, All was going well until Dec 2018 but one night of Dec 2018, I met with an accident. I was driving Jeep Compass with my friend at a speed of about 80 to 100 km/hr on this freeway suddenly my right side front Tyre faced a problem and the car was going to its right side at same speed I tried to control it and pulled my steering towards left side and the car struck to a divider and the impact was so strong that I, my Friend and the Car all were upside down. It slid about 150 meters. Due to Seat belt on me and my friend were safe with injuries on the chest. The main thing after the accident is that I called Jeep 24/7 Customer Care, The other problem was that due to this high impact accident and the car was upside down but the Air-Bags didn't open at all and so I was seriously hurt on my chest. I had an issue that why my Air-Bags didn't open. Although I purchased the Topmost model of the car."," Feb 03, 2019 ",By Nayan Bhagat,1.0,https://www.cardekho.com/user-review/jeep-compass/shaft-problem-30882.htm
"Phenomenal car..!!
Most satisfying car. Under this money bracket. Proud to be an owner of JEEP COMPASS LIMITED PLUS..!! &#x1f60e;"," Feb 01, 2019 ",By Arpit Singh,5.0,https://www.cardekho.com/user-review/jeep-compass/phenomenal-car-30359.htm
"About the car
This car is a very accurate car range. I think this is the evolution in cars. The car is a feature loaded masterpiece by JEEP."," Feb 01, 2019 ",By Sumit Vasisth,5.0,https://www.cardekho.com/user-review/jeep-compass/about-the-car-30196.htm
The most attractive point is designed like a luxurious model series like Benz and affordable price range love this car to buy even middle and rich class people's. The car is insanely awesome SUV.," Jan 26, 2019 ",By Aribaskar,5.0,https://www.cardekho.com/user-review/jeep-compass/branded-car-better-to-say-its-a-golden-star-29373.htm
"I have bought JEEP Longitude (O) with paid Mopar Maintenance Package by August from an authorised showroom in Coimbatore. Poor Sales Team, no knowledge on the Car itself (lol) next is about Variants. Cheating on Money. I didn't get the Invoice for the Value that I have paid. Insurance amount has been doubled than the actual Insurance JEEP has provided upon Purchase. Poor After Sales support. Poor Customer support. Unfit JEEP Management. Useless of saying themselves as a Premium Brand. I have paid for INR75,000/- worth Mopar Maintenance Package along with my car which includes additional 2 years Roadside Assistance, 2 years of Extended Warranty and 5 years of Free Maintenance. Jeep provided only Extended Warranty and didn't provide me with the Rest 2. It's been almost 5 months, despite continuous follow-ups. Jeep is very Reluctant in the Issue and no one cares on this Issue. ISSUE MAY BE ANY BUT THERE SHOULD BE A PROPER RESPONSE FOR THE MONEY PAID and I don't understand why are they calling themselves as a premium brand. It's like, I HAVE BEEN CHEATED."," Jan 28, 2019 ",By Arunprasath,1.0,https://www.cardekho.com/user-review/jeep-compass/be-cautious-while-you-buy-jeep-29611.htm
"Best Suv of india
Awesome car at a good price. It is a good looking, affordable car. It is the best SUV with awesome features."," Jan 26, 2019 ",By Sumit,5.0,https://www.cardekho.com/user-review/jeep-compass/best-suv-of-india-29381.htm
We bought our car on the 22 November 2018. We got the limited plus 4*4 variant. Exactly 1 month later we went on a road trip from Kolkata to Rajasthan and the car performed brilliantly. There were some parts where no other car could go but it went flawlessly without a problem.," Jan 24, 2019 ",By Yash Raj Jain,5.0,https://www.cardekho.com/user-review/jeep-compass/the-king-of-the-road-28744.htm
"It's like on roads
The Jeep Compass is an awesome car with awesome safety features, It comes with 4 wheel drive, 4 wheel disc brakes, wide sunroof and the car looks amazing"," Jan 23, 2019 ",By Sunny,5.0,https://www.cardekho.com/user-review/jeep-compass/its-like-on-roads-28577.htm
"I have bought jeep compass automatic in January 2018 my car is broke down exactly 375 days from delivery due to a battery problem. The company has given 3 years warranty on the vehicle, but battery (Exide) fitted in the car is very low quality and service center guys say only one year guarantee for Exide battery and you have to pay for it. The Exide battery dealers are giving 30 months replacement guarantee for same battery, jeep company is compromising with the quality for the battery which is not advisable, and the rear seat is torn due to low quality."," Jan 22, 2019 ",By Umesh Shetty,1.0,https://www.cardekho.com/user-review/jeep-compass/bad-quality-of-battery-and-rear-seat-28367.htm
"Great experience
Nice car to drive on highways and best handling than other cars at high speed."," Jan 17, 2019 ",By Aditya Karande,5.0,https://www.cardekho.com/user-review/jeep-compass/great-experience-27932.htm
"My name is Johnson Correya and I currently reside in Powai (Mumbai). I have purchased a petrol model Jeep Compass Sports Variant with Manual Transmission. Before buying the vehicle, I had checked reviews on different websites about this vehicle and discussed the features with the sales team, especially with the salesperson from the Landmark Mumbai showroom (Abhishek). All automobile related sites and the salesman had claimed that the mileage for this model is 14-17 km/liter. I don't have any other problems with this model except the mileage for which I am getting an average of 5 to 5.5 km/liter with a mixture of conditions like traffic, without traffic and high way etc. I approached the CRM Mr. Salim who asked me to bring the car for a check-up. I dropped the vehicle off on 14/11/18 after completing 1200 km. I had reset the meter just before I dropped the vehicle at the service center. Service adviser Prateek attended my vehicle and suggested me to come back after 3 days as they wanted to test the entire vehicle. I complied and collected the vehicle after 3 days had elapsed. While I was collecting the vehicle, he informed me that they had checked the vehicle in traffic conditions and they had gotten 10 km/liter with no other technical issues in the vehicle. They have written the average mileage as 10 km/liter in the service form. I checked the mileage meter just after leaving the service center then I realized that the mileage was 4.5km/liter and they have driven the vehicle 14.5 km. It was a barefaced lie which they told me that they got 10 km/liter in traffic conditions. I had informed the mileage issue to the CRM (Salim) again. He had suggested that he would send one person with me to check my driving pattern. He had sent Aditya Dhere on 23.11.18 at 6 pm at my office. He accompanied me for 2 km in traffic conditions. He understood that the issue is with the mileage and not with my driving patterns. He had taken a picture of the mileage meter and sent it to the CRM. We got 2.2 km/liter for around 2 km drive with 25 minutes of travel. I don't travel always in traffic, 5-5.5 is an average of a mix (all conditions). It is not worth driving this vehicle with the kind of average I get and why the company is offering an impossible mileage of 14-17 km/liter is ludicrous and preposterous. They haven't given any solution till date. My humble request to the customers, please do not buy Jeep compass as they are selling the car with fake commitments."," Jan 17, 2019 ",By Johnson,1.0,https://www.cardekho.com/user-review/jeep-compass/petrol-driking-mechine-avrage-56kml-27871.htm
"Limited plus
A heavy car with nice looks. The best part is a dual panoramic sunroof."," Jan 17, 2019 ",By Diko,5.0,https://www.cardekho.com/user-review/jeep-compass/limited-plus-27869.htm
"Comfortable car
It's a very nice car and I satisfied with their safety and facilities. Very easy for long traveling and very safe for us."," Jan 28, 2019 ",By Darshan,4.0,https://www.cardekho.com/user-review/jeep-compass/comfortable-car-29599.htm
"The buying experience was very bad. The only mistake I did, never checked the mileage of the car. I believed the sales person who told me the average mileage is 14-17km/L. The Jeep team is not ready to accept the mileage issues. I have sent several emails to the entire Jeep team and there were no reply and solution. I am getting an average mileage of 5-6KM/L after driving 2500km with different conditions. My humble request to all customers who are planning to buy Jeep compass, please check the mileage on different conditions (traffic /non-traffic etc.) to get the real mileage. Do not believe the salesperson who just wants to sell the car."," Jan 17, 2019 ",By Johnson,1.0,https://www.cardekho.com/user-review/jeep-compass/petrol-drinking-car-56kml-27867.htm
"Finally Big toy in my house
Awesome deal, I really want to buy Jeep Compass and I am already booked this."," Jan 15, 2019 ",By Dr. Malkeet,5.0,https://www.cardekho.com/user-review/jeep-compass/finally-big-toy-in-my-house-27708.htm
"WOW WHAT A BEAUTY
Jeep Compass has a superb road handling, good mileage manly looking what more can one ask for?"," Jan 15, 2019 ",By Salim,5.0,https://www.cardekho.com/user-review/jeep-compass/wow-what-a-beauty-27659.htm
"Don't buy jeep
Worst after sale services of the jeep. RSA of jeep crushed my jeep and now no one listening to buying is the worst decision."," Jan 11, 2019 ",By Daleep,1.0,https://www.cardekho.com/user-review/jeep-compass/dont-buy-jeep-27244.htm
"Jeep features
Jeep Compass is very nice, It looks Well good and it is a very safe car I like it......"," Jan 08, 2019 ",By Farren Darr,4.0,https://www.cardekho.com/user-review/jeep-compass/jeep-features-26957.htm
"Jeep is fabulous
It is a fantastic car, if you want to enjoy a real drive in hilly areas and in straight and rough roads, it gives you a pleasant drive and experience. New sunroof facility is awesome, I have to wait for it for a long time. Read More"," Jan 06, 2019 ",By Mamoon Anis,5.0,https://www.cardekho.com/user-review/jeep-compass/jeep-is-fabulous-26736.htm
"Awesome look, space and sunroof look batter then o
Awesome look, space, and sunroof look better than other cars like Porsche.....The car has great power.....and amazing looks......."," Jan 05, 2019 ",By Nitin,5.0,https://www.cardekho.com/user-review/jeep-compass/awesome-look-space-and-sunroof-look-batter-then-o-26647.htm
"Jeep compass
It is an awesome car in this price, Jeep brand is Awesome, you do not need more if you like Jeep."," Dec 31, 2018 ",By Taniya Ahuja Bajwa,5.0,https://www.cardekho.com/user-review/jeep-compass/jeep-compass-26185.htm
"Jeep compy
Jeep Compass is a Superb car and it should be available all facilities and also good mileage."," Jan 10, 2019 ",By Harish Muthyala,5.0,https://www.cardekho.com/user-review/jeep-compass/jeep-compy-27146.htm
IT IS A VERY MUSCULAR CAR WITH BOLD AND ATTRACTIVE LOOK BUILT QUALITY IS AWESOME POWER EXTREMELY NITRO GOOD SPEAKERS OVERALL IT IS VALUE OF MONEY EVERYTHING IS THEIR IN THIS CAR ACCEPT PADDLE SHIFT BUT OK WE MANAGE.," Jan 09, 2019 ",By Vishal Gupta,5.0,https://www.cardekho.com/user-review/jeep-compass/value-of-money-27059.htm
"Best in class !!
The all-new Jeep compass is absolutely a no doubt car with first in class features. The 4√ó4 option is so amazing that enables you to go for long drives as well as off-roading. But it comes short when it comes to comfort as the brakes may make you feel a little uncomfortable. Overall, it makes up with its better fuel economy. The Jeep Compass is exc...Read More"," Dec 23, 2018 ",By Pampana Rama Koti,4.0,https://www.cardekho.com/user-review/jeep-compass/best-in-class-25167.htm
"Best on Highways
Very Very Stable on speed 160-180. Luxury with comfort. This SUV is not just a simple 7-seater but a perfect vehicle for those who love power and class both..."," Dec 29, 2018 ",By Anshul,5.0,https://www.cardekho.com/user-review/jeep-compass/best-on-highways-25906.htm
"Good look and strong suv
Good looking smooth engine with a panoramic sunroof, Led DRL are looking superb."," Dec 21, 2018 ",By Alok,5.0,https://www.cardekho.com/user-review/jeep-compass/good-look-and-strong-suv-25009.htm
"What to say about Jeep. It is favolus
It is A fantastic car, if you want to enjoy a real drive in hilly areas and in straight and rough roads, it gives you a pleasant drive. New sunroof facility is awesome, I have to wait for it for a long time. Read More"," Dec 23, 2018 ",By Abhishek,5.0,https://www.cardekho.com/user-review/jeep-compass/what-to-say-about-jeep-it-is-favolus-25170.htm
Wow!! wot an SUV which is a perfect SUV There is no one Like compass super smooth super slint super grip That is Fully Superb If you plan the buy SUV so just think about Compass*," Dec 21, 2018 ",By Mubeen Khatri,5.0,https://www.cardekho.com/user-review/jeep-compass/if-you-plan-the-buy-suv-so-just-think-about-compass-24880.htm
"Rugged and powerful SUV
The Jeep Compass is a powerful and extremely powerful SUV capable of going off-road. It is also loaded with a tonne of features."," Dec 16, 2018 ",By Balamurugan S,5.0,https://www.cardekho.com/user-review/jeep-compass/rugged-and-powerful-suv-24146.htm
"I got this little monster a month back, great build quality and more overhead-turning looks good. Good quality ride, but getting bit noise in the engine may be solved after first service hope so. Overall a good car."," Dec 15, 2018 ",By Anil,4.0,https://www.cardekho.com/user-review/jeep-compass/little-monster-24064.htm
"Awesome SUV
Amazing driving experience in one word. Ride quality is excellent along with quality interiors & comfortable seats. Awesome & head turning look. Purchased cream white Jeep Compass Limited 4X4 from landmark showroom, Moti Nagar, Delhi in the beginning of this month. Supportive, enthusiastic sales team & staff with the unmatched buying experience. Read More"," Dec 15, 2018 ",By Amit Chaurasia,5.0,https://www.cardekho.com/user-review/jeep-compass/awesome-suv-23994.htm
Great in look and smooth in Ride. Best for off-road driving. The engine runs smooth. I am having a limited variant which is totally great. If you are searching a compact SUV and then the Jeep Compass is the off-road king. No car is better than this in its segment. It also fits in the budget.    ," Dec 13, 2018 ",By Aryan Singh,5.0,https://www.cardekho.com/user-review/jeep-compass/offroad-king-smooth-in-ride-23844.htm
This car is a part of my family for 16 months have overcome all the obstacles and performed very well on the off-road and doing till now. Compass has the perfect build quality and safety features.," Dec 07, 2018 ",By Umar Noor,5.0,https://www.cardekho.com/user-review/jeep-compass/stronger-and-fully-loaded-with-features-23194.htm
"We are a family of four and we all are really fond of cars including my little one 2 years old as well. The elder 10 year old son can rattle the power and torque figures of different cars. Most of the cars we have owned are driving oriented and we always take the build quality, driving dynamics and safety as top priorities every time we choose a new car. Just to name the cars in our fleet in the past, we owned Ford Fiesta, Honda Civic, Skoda Yeti and Laura. All these cars gave brilliant experience with well sorted performance. But choosing the Yeti successor was quite a difficult task as the list of priorities increased all these years. We shortlisted the priorities which included nice driving dynamics, strong build quality and safety, leather steering wheel, leather seats, silent/powerful diesel engine, spaciousness, distinct styling and of course, the hill hold control since I have phobia of rolling back. So, fortunately we were able to shortlist the cars and the list included Renault Duster, Audi Q3, BMW X1, Skoda Kodiaq, VW Tiguan and Jeep Compass. The Audi and BMW were rejected due to fact that our regular drives to the outskirts where my grandparents live would prove a nightmare for these cars. Skoda Kodiaq and VW Tiguan were outrageously priced for what they offer while we listed out Renault Duster because it lacks adequate safety features. So, the last option remained in the list which was meeting all our expectations was Jeep Compass. Now coming to the initial experience, man, it's a head turner. Wherever I take my blazing red Jeep Compass, it really grabs eyeballs. It has pretty striking similarity with the Range Rover Evoque, especially the blackened roof. My wife is really smitten with this car, during the early drive of 40 kms, we drove equally for 30 kilometers. The car is exceptionally comfortable to drive with the engine barely audible from inside even if you cruise at the speed of 80kmph. The 2.0L engine produces 173PS and 350Nm of peak torque with the SUV giving above 16kmpl mileage in mix conditions which is pretty much acceptable given the stature of the car. With linear acceleration, the vehicle can reach the 80-90kmph mark in no time. The engine is quite smooth and does not have turbo lag unlike other cars we owned in the past. Coming to the part which I liked the most is the robust quality this car comes with. It is heavy especially the doors, hood and the tailgate. The car comes with all the safety aspects which we needed including dual airbags, ABS with EBD, electronic stability control, hill start assist, electronic parking brake and ISOFIX rear child seat mounts. The braking is adequate and it comes to halt in the straight line without any fuss. In terms of comfort inside, the car is an absolute bliss with enough legroom at the rear which most people complain about in the car. The car has all the contemporary gizmos including the 7-inch touchscreen with Android Auto support and a very effective air conditioner. However, the sound output from the AV system was mediocre although one can always add extra speakers to increase the decibels. Driven over 3000kms so far and it has been a wonderful experience with this car. Anyone who wants a little show-off with utter cabin comfort, safety and smooth engine performance, I think Jeep Compass can be a good choice under Rs. 25 lakhs."," Nov 19, 2018 ",By Shailendra,5.0,https://www.cardekho.com/user-review/jeep-compass/jeep-compass-my-experience-after-driving-3000kms-21737.htm
"I bought Diesel variant car in May 2018. Followings were in my mind while choosing Car.
1) Safety
2) Comfort
3) Quality
4) Attractive Look
5) Power If you are practical to have number of features over your paying price, then this Jeep Compass is not for you. Many other brands giving you so much in 65% price of Jeep Compass. They are committed for after sales service but they may have a practical issue with on -road service or stock issue as they are rising and not completely established. But Jeep is always known for Lavish driving and safety. If you are a passionate driver then this Car is for you. I drove almost 4000 KM in a month. I had a good experience. One more thing any variant of Jeep compass does not have any mechanical change except 4X4 ,6 Airbags and Tyre Size. All is about Exterior and Interior. You will get the same pleasure in any of variant. Jeep is Jeep. I love it. I was looking for Make In India Concept and came to know Jeep has been manufactured at Ranjangaon facility in Pune. 65% material was bought from local vendor. Also they are exporting International."," Jun 13, 2018 ",By Dshah,5.0,https://www.cardekho.com/user-review/jeep-compass/jeep-compass-the-car-for-lavish-driving-19754.htm
"I took a test drive of Jeep compass petrol automatic (top end) and was surprised to find that the basic features of this car is missing at a price tag of 25 L.
Pros
Good build quality
Comfortable
Cons
Basic features missing like LED headlamps, cruise control.
Just 2 airbags
Audio system is no better than Maruti's
Spare wheel is of smaller size thus it will cause stability issueBetter options are available in the market"," Jun 09, 2018 ",By Ashirwadgoswami,1.0,https://www.cardekho.com/user-review/jeep-compass/better-options-available-19724.htm
"Amazing Driving Experience.
I bough Jeep compass Limited on 6th Nov 2017. Actuallly I am a Hyundai lover & using Hyundai cars from last 10 years. But in July 2017 Jeep Compass was launched in India & after a month study on jeep, I planned to purchase compass by cancelling my booking of Hyundai Tucson. This is one of my great decision to purchase a jeep compass in Black colour...Read More"," May 18, 2018 ",By Amresh Sawant,5.0,https://www.cardekho.com/user-review/jeep-compass/amazing-driving-experience-19576.htm
"It's a great vehicle with an awesome build quality and high safety standards. Great to drive on the highway with excellent ride and handling.
Great Build Quality - Excellent exterior and Interior Quality.
Finish - Harman excellent music system - only in a segment with 50 security features as a standard."," Aug 17, 2018 ",By Priyam,5.0,https://www.cardekho.com/user-review/jeep-compass/the-real-jeep-jeep-compass-a-true-quality-product-20226.htm
"I bought Jeep Compass one month back n now close to 2000 km drive . Yesterday I had horrible experience when driving in pune city . I was driving in city with my family n suddenly fire smoke started from front bonnet. My family scared n all side vehicle people started pointing me abt smoke. Some how I managed to park on side of the road , after 20-30 min smoke stopped. I tried all helpline number n staff number but no body has responded. I can say worst decision of my life to choose Jeep Compass. I request to all readers don?t purchase Jeep Compass or any model of Jeep Compass."," Jun 06, 2018 ",By Sujit Kulkarni,1.0,https://www.cardekho.com/user-review/jeep-compass/horrible-life-threatening-vehicle-19707.htm
"Pathetic after sales service
The Jeep Compass is good at build quality performance which can be easily washed away when you compare the after-sales service experience."," Dec 06, 2018 ",By Sankalp Avenues,1.0,https://www.cardekho.com/user-review/jeep-compass/pathetic-after-sales-service-23134.htm
"I bought a Jeep Compass Longitude optional a year back in Sep 2017 and was enjoying my drives like any other user, the overall performance of the vehicle is as good as expected, but when I went for the service my overall experience turned down.  "," Dec 06, 2018 ",By Krishna,2.0,https://www.cardekho.com/user-review/jeep-compass/good-to-drive-23127.htm
"I took the Test drive of Jeep Compass top variant a month back, and it was a superb drive. The build quality of the car seems good and compass have all the features including a panoramic sunroof, an 8.4-inch touchscreen infotainment system, an 8-way powered driver's seat, 18-inch wheels and more. A worth option to consider if you want to buy a SUV under 20 lakh. "," Oct 04, 2018 ",By Shipra,5.0,https://www.cardekho.com/user-review/jeep-compass/awesome-test-drive-experience-20673.htm
"Pros - It has a powerful and punchy engine with an amazing build quality. Good Interiors.
Superior ride quality and handling. The design is simply spectacular. Cons - Small screen size for ICE. Sunroof is not available. Dummy buttons. Still, I love this car and am waiting for the delivery."," Sep 14, 2018 ",By Mathew,5.0,https://www.cardekho.com/user-review/jeep-compass/excellent-car-20518.htm
"I bought limited(O) diesel from Mohali dealership on 10th January 2018 and I must say my experience till now is great in all aspects.When I confirmed my purchase, I got delivery next day as one day took for banking formalities. That was amazing experience. The dealership here in Mohali is very professional and customer oriented, they even changed the car before delivery as I found one paint issue in the previous car and they provided a new car. They gave me plenty of time to check and verify the car again till I got satisfied. Till now I have driven around 3350 kms and my experience is awesome either in city or highways. As Chandigarh/Mohali doesn't have traffic like Delhi or Mumbai, I am getting mileage of around 16.5 km/l and on highways it gave me maximum of 20.5 km/l while driving at maximum speed of 100 km/hour. I love the interiors, although maintenance is high as seat covers and doors are light colored as per my model but it looks premium. The music system is great as well electronic break, it is a great feature. Also You can manage other stuff within infotainment system like controlling lights, doors, phone etc. People are saying that it doesn't have cruise control but for me it is not essential as in India, roads are not build for it. When you are on highway, any animal or people can come in between. I think sunroof could be a good option if they add in the future as well automatic in diesel. I don't mind manual transmission but automatic is helpful when there are long traffic jams. As far as car's build is concerned, It is heavy build with great quality. On highway, I had a major accident when a Harley Davidson rammed into right front grill/bumper and to my surprise, It got nothing except a small scratch which was removed by dealership later on. I must say the quality is really good. Car is a head turner for sure, I have seen how people react when you are on road, it gives a personality and car looks very rugged and manly. I have heard bad reviews about dealership and services but nothing like this happened to me. Even they gave me training to use infotainment system as well the best way to maintain the car. They are available on one phone call. I am happy with my choice. If anyone wants to ask anything, feel free to write me."," Feb 16, 2018 ",By Sunil,5.0,https://www.cardekho.com/user-review/jeep-compass/great-car-with-great-service-19056.htm
"Jeep Compass - Attractive Design and Amazing Performance
Jeep Compass as the name strikes the mind, we get the image of the hardcore off-road Jeep-like vehicle but that?s not the case with the Jeep Compass. Though it?s a plush as well as off-roader it dons the typical city SUV looks. I bought my Jeep Compass in January 2018 and till date, it never failed to impress me in one way or the other. Its amazing...Read More"," Apr 27, 2018 ",By Rishi,5.0,https://www.cardekho.com/user-review/jeep-compass/jeep-compass-attractive-design-and-amazing-performance-19459.htm
"Jeep Compass Attractive SUV That Misses Some Key Features
I started following all the updates on this small SUV the moment it was announced for the Indian market. The key reason behind purchasing this car was the attractive design with which I fell in love at the first sight. And since it is a Jeep product, I wasn't caring much about the build quality and the driving experience. The ride and handling of t...Read More"," Feb 13, 2018 ",By Ravinder,3.0,https://www.cardekho.com/user-review/jeep-compass/jeep-compass-attractive-suv-that-misses-some-key-features-19034.htm
"Indian Jeep Compass disappoints. The local sourcing is the spoilsport . Unsettled ride . Wayward steering. Horrible tyres , stalls frequently in second gear . The rear sharply thuds on speed breakers. Unhealthy side to side movement. The designer will faint if he drives Indian Compass. Sub standard parts to blame. Horrible quality checks"," May 04, 2018 ",By Tikka Bimbrahw Verified Buyer,1.0,https://www.cardekho.com/user-review/jeep-compass/horrible-ride-19492.htm
"Arrogant Staff Will Sink Jeep Compass
I am an Air Force Officer and was impressed by the Jeep 4X4 month offer and went to a dealer in Bangalore for enquiring about the same. I had carried my cheque book to book the vehicle in anticipation of an honest interaction with the sales personI first asked him about the CSD price list. He said that he doesn't have it. From the tone and tenour o...Read More"," Apr 20, 2018 ",By Ravindran Achuthan,2.0,https://www.cardekho.com/user-review/jeep-compass/arrogant-staff-will-sink-jeep-compass-19412.htm
"JEEP COMPASS- TRULY COMPACT
Overall, its a nice compact SUV. However, i would like to mention some comments basing on my experienced. 1. Cabin size, especially the height of the roof above front seats a bit low. 2. Bumper too low for hilly areas.Read More"," Mar 29, 2018 ",By Nokchasashi,3.0,https://www.cardekho.com/user-review/jeep-compass/jeep-compass-truly-compact-19295.htm
Great styling. Premium interiors. Ride quality is good. Great value for money. Goes well with the iconic brand name. Can compete with the cars of one level higher. Still have to experience service part though. Expecting good service network," Mar 03, 2018 ",By Deepak N,5.0,https://www.cardekho.com/user-review/jeep-compass/awesome-suv-19167.htm
"Worst Customer Service in Jeep Company and their Dealership
Worst Customer Care in the Jeep Dealership at dealer and when Escalated to Jeep Company the Response is even more Worse. There is no one to care for customers pain points. The basic elementries of customer installation on delivery is being ignored. The overall experience of Jeep has been very bad. Feeling very sad for having bought a Jeep. Product ...Read More"," Feb 28, 2018 ",By Prabhu,1.0,https://www.cardekho.com/user-review/jeep-compass/worst-customer-service-in-jeep-company-and-their-dealership-19153.htm
Diesel Engine is too loud in the cabin. Body frame sound is also there which is not acceptable with this segment of car. I purchased the vehicle from Dehradun and driven only 20000 km. I have been driving since 25 years and driven more than 25 brands of cars and SUV's .," Feb 19, 2018 ",By Sandeep Jindal,1.0,https://www.cardekho.com/user-review/jeep-compass/bad-than-all-other-indian-cars-19077.htm
"ultimate suv
kya khu iske bare test drive karo or kud jaan jao
what a break system, controlling power, curvings built quality,off road...
head off to jeep company jo aisi suv banayi....
jitna khu utna kam...."," Apr 18, 2018 ",By Pankaj,5.0,https://www.cardekho.com/user-review/jeep-compass/great-suv-19406.htm
"My friend recently bought the Jeep Compass and we got out for a small drive. As we drove down the highways, the car felt well planted and I didn?t have to switch gears very frequently in order to keep the car moving, which made it pretty relaxing to drive. But when we came back in the city, the heavy clutch started to get irritating and painful. The infotainment system offered with Apple CarPlay and Android Auto will not disappoint you but it would have been better if it had a large screen in place. I quite liked the car and I would like to get one myself but the unavailability of an automatic transmission is a deal breaker for me. I hope Jeep gets the automatic version soon so I can get one for myself."," Oct 24, 2017 ",By Saransh Goyal,4.0,https://www.cardekho.com/user-review/jeep-compass/good-car-but-lacks-automatic-transmission-18581.htm
"As and when Compass comes with AT 4x4 it will cost atleast 23.5 and obviously as it is a new launch there are no discount offers. Tucson with discount offers between 1-1.5 L is going to be available for almost the same price as the AT 4x4 Compass. Therefore a Tucson which is bigger, more powerful, more fuel efficient, better dynamically designed, more reliable, better ASS network, better looking ( depends on ones own taste), drives more like a sedan ( most of ones driving is going to be on metalled roads), needs serious considerations.As far as brand value (snob value ) is concerned worldwide Hyundai sells more Tucson than Jeep selling compass and has better ratings.In fact Jeep products are at the bottom of the rung. Now the present compass may be a new vehicle and may behave differently but it is still untested. A short test drive is not enough to test a vehicle which is going to cost more than 25 L.
We Indians need to think more with our brains than our heart. A known enemy is better than an unknown friend.
Folks it is your hard earned money. You should get the best value for it.
And it is you who has to decide, finally."," Oct 19, 2017 ",By Romesh Lal,3.0,https://www.cardekho.com/user-review/jeep-compass/4x4-mt-compass-2139-l-vs-the-awd-at-tucson-2518-l-18569.htm
I have purchased Jeep Compass 2*4 Limited on 30th November. Delivery date was 5th December. Within a week the vehicle breakdown .Nobody know what happened Road assistance Services brought to Service Center .Now 20 days Over There is no proper solution So far . I thing this premium vehicle .So I expected great service .But my experience was horrible with customer care and i did not get balance amount from the Land mark Mumbai Showroom yet. They are asking impossible things for refund .," Jan 01, 2018 ",By Sadiq P H,1.0,https://www.cardekho.com/user-review/jeep-compass/jeep-is-worst-car-maker-in-india-18856.htm
"Jeep India: Worst Sales team, Fake commitment to deliver car
Very disappointed with Jeep India and their Dealers. Big brand but poor management in India. Fake data they are disclosing that 5000 cars has been delivered or 10000+ booking completed but actual data is wrong, very few cars on road, almost everyone is waiting and wasting their time. Dealers initially promise that they will deliver the car in first...Read More"," Nov 12, 2017 ",By N Sh,1.0,https://www.cardekho.com/user-review/jeep-compass/jeep-india-worst-sales-team-fake-commitment-to-deliver-car-18633.htm
"Good to be back again?this time I am writing a review for the Jeep Compass Longitude Diesel MT. This is the mid segment jeep in the compass series. To start with let me tell you the vehicle is absolutely ?SOLID? heavy build and gives you an impeccable presence wherever you go. So lets talk engine dynamics, the diesel engine of this baby is a 2 Ltr Multijet diesel engine meshed with a 6 speed gear box yielding 173 PS power which is sufficient to propel this vehicle really fast. The acceleration is good but the pickup still might need some work. It can be blamed on the heavy build of the vehicle as the engine after all is 2 ltr. The breaking is pretty efficient as I did try the odd ball 60 KM/HR to ?0? breaking and the vehicle responded perfectly telling me that the ABS and EBD systems gelled perfectly. Let?s talk driving comfort now, although the gear shifts are smooth but the clutch does require some pushing and in city driving you might get a bit of a foot ache if you are not used to it. The vehicle can power down if you are at a low speed trying to drive at a higher gear. One thing I really loved was the electronic parking brake which replaced a hand brake with a nifty little button where the hand brake used to exist. Now coming to the ergonomics on this vehicle, the instrument cluster is well lit and the infotainment system has just the right features. I bought the Longitude and not the optional so features like car play and android auto were not available. They did provide a usb port in the rear which was pretty good. There were a couple of things which did disappoint like there was no climatronic AC, although the door handled has leathered upholstery the seats were fabric which was very disappointing and the Jeep accessory for the seat costed about 16000 MRP. The car has reverse parking sensors but no camera which is not one would expect after paying a good amount for this car and lets face it, it doesn?t cost much. Another things which was painful was that the car?s speaker system was absolutely flat no zing to it. The car does have traction control but not sure how much of that you would use. In summary the car is excellent in terms of handling and well grounded, the features are there but for the price I paid I expected much more. Overall, if you would really like a Jeep with all the bells and whistled go for a Longitude Optional or Limited. Happy and safe driving."," Dec 27, 2017 ",By Samriddh Mangotra,4.0,https://www.cardekho.com/user-review/jeep-compass/jeep-compass-a-great-value-for-money-suv-18826.htm
"Was looking to move on from my good old Mitsubishi Outlander - Yes a petrol suv :). Not a Diesel fan. Criteria was : An SUV, Chic Looks, Automatic Petrol. not much choices available in Indian market.
Shortlisted between :
Fortuner Petrol & Tucson Petrol . Then read some where jeep is launching Petrol with automatic .. so thought should give it a try & thank heavens I did that..!
Result : Booked the Car same day - a Sunday & guess what got delivery on Thursday same week .. wow :) what an experience.. Have drive 300 KM till now, and from my place of work to people on road, to my society, people just can't stop talking about the way it looks .. RED beast with black top..! At 22 Lacs -- super engine, upmarket interior and a fabulous planted ride both in city and highway.. you can't ask more .. plus for us Indians - chance to own a JEEP -- not a fake JEEP but original JEEP.. If anyone is thinking of buying it -- don't think twice .. just go for it.. you won't regret a second of owning it!! With govt regulations being stricter on diesel cars/suv.. this JEEP petrol automatic is the best available SUV over 20 LACs you can buy.. as far as 4*4 how of us.. had or will actually use it in future? Its just a badge for which you pay more and hardly use!"," Nov 21, 2017 ",By Tkt Verified Buyer,5.0,https://www.cardekho.com/user-review/jeep-compass/truly-an-urban-jeep-18665.htm
"In India jeep cars and not supplying very good tyres with the car because in my Jeep Compass car FIRESTONE tyre got BURSTED (only mysore city ride) for 1350KM!
BE AWARE OF IT!!!"," Dec 26, 2017 ",By Abhishek Kumar,2.0,https://www.cardekho.com/user-review/jeep-compass/worst-tyres-in-jeep-cars-18822.htm
"I bought the Jeep Compass just for its head-turning looks. But to my amazement, the Compass has a lot more to offer. The ride quality is sublime and so is the seating comfort. Although the high door sills do get in the way at times, especially when you are in a hurry. The sound system is amazing but I can't say the same for the infotainment display. Yes, it has Android Auto and Apple CarPlay compatibility but there's a noticeable lag in its operation. I have bought the 2.0-litre Limited variant without the 4x4 system. Up until now, I am more than satisfied with the Compass. But as I mentioned above, there are some drawbacks. But then that's the case with all cars I believe. To finish it off, I would just like to add that if you want something different and capable at the same time, the Jeep Compass will not disappoint you."," Oct 12, 2017 ",By Sumita Kapoor,4.0,https://www.cardekho.com/user-review/jeep-compass/the-compass-is-here-to-stay-18551.htm
"Multiple Issues
Bad experience so far...Gear issues accompanied by burning smell. Electronic Parking Brake failure ! All in less than 2000 km !. Even the service team is clueless."," Dec 07, 2017 ",By Srinivasa Rao,1.0,https://www.cardekho.com/user-review/jeep-compass/multiple-issues-18758.htm
"First 3 version of Jeep Compass are not worth the money - but things change when you look at Limited option & onwards. You get all the features one would like to see in a compact SUV - Price is bit higher compared to other brands but brand also matters so i'm sure people will go for Compass & will not look at the price.
Buy it for Brand, Quality, performance and style."," Oct 17, 2017 ",By Ishrat Aziz,4.0,https://www.cardekho.com/user-review/jeep-compass/brand-quality-style-18563.htm
"I have been a huge fan of Jeep badge. The sturdy and macho vehicles that this American brand manufactures are simply unmatchable. I have been following the Jeep Compass since the time it was first showcased. The massive road presence and the sharp styling of the Compass SUV cannot be compared to any other crossover in the country. Apart from this, its tyres will get your heart racing, they are just fantastic.The crossover is fully loaded but the biggest surprise came in the form of the price. Just Rs 14.95 lakh! I am amazed with Jeep's pricing strategy, it undercuts almost all its rivals and is definitely here to rule the Indian automotive arena. The other plus points of the Compass is the availability in both the petrol and diesel engines. Another important bit of the Jeep SUV is the Jeep Active Drive 4x4 system which disconnects rear axle and effortlessly keeps on switching between 4x2 and 4x4 drive types to ensure one gets the 4x4 capability only when it's essential, thus saving the extra effort of the vehicle. I am sure it must be helping out on the fuel efficiency numbers as well. With the Compass, a new beast of performance is here. I am keeping my fingers crossed and will be watching how the sales of the Compass take off. However, the more critical aspect is how Jeep is able to tackle the after-sales service of the Compass in a country obsessed with 'cheap and best' philosophy."," Jul 31, 2017 ",By Micheal Verified Buyer,5.0,https://www.cardekho.com/user-review/jeep-compass/jeep-compass-unbelievably-affordable-18366.htm
"After months of waiting fr it's launch, I booked the top-end 4x4 on the first day the bookings opened.
I am now going to cancel my booking. Reasons:
1. No delivery of 4x4 till Nov.
2. Imminent increase in taxes, & the On-Road Price will go frm 24 to 26 Lacs
3. Pay 26L fr a top-end vehicle, and you still have dummy buttons on the steering, undersized LCD with an odd plastic frame to cover the gap, & most importantly, NO SUN ROOF
4. 70000 diff between Limited & (O), All you get is a Black Roof & HIDJeep is making vehicles with Sun Roof, even the Trailhawk in Pune, but only for export. I can live without the Auto Wipers / Headlights / Cruise Control, but no Sunroof on a 26 Lac (mid-size) car.. doesn't work for me.
While the entry level Compass is priced right, the top-end is overpriced, considering Jeep is palming off an incomplete product to Indian customers."," Aug 23, 2017 ",By S Singh Verified Buyer,3.0,https://www.cardekho.com/user-review/jeep-compass/no-4x4-till-november-no-sunroof-18413.htm
"I saw the Jeep Compass at a nearby dealership today. It is smaller than what it looks in the images. The Tucson, in comparison, looks wider. Sit inside and the quality of the materials used is good. The space is also decent and two six-feet tall guys can sit one behind the other. But it doesn't look as wide as you think it will be. From the driver's seat, it feels as if you're sitting in a vehicle of Creta's size. After sitting in the Compressed, sorry Compass, I felt that the starting price of around Rs 15 lakh is fair, and not very aggressive. Also, considering the reliability issues with the brand in most other markets, even if you are saving some money upfront, it'll be used up on the SUV only, and may not count as savings. There were a lot of people out there to check the Compass in the dealership and it looks like it will sell in good numbers. But I think I'll wait to see how Jeep fares in the after-sales department. I'm not sure if they'll be able to manage it."," Aug 01, 2017 ",By Arun,2.0,https://www.cardekho.com/user-review/jeep-compass/small-suv-18369.htm
"looks 5/5
interior 5/4.5
soft touch leather 5/4
touch screen 5/3
harman kardon 6 speakers 5/5
safety features 5/5
comfortable seats 5/5
low noise cabin 5/5
led front nd rear lights 5/5
smooth drive 5/4"," Aug 10, 2017 ",By Paras,5.0,https://www.cardekho.com/user-review/jeep-compass/good-job-jeep-18388.htm
